{"type":"part","name":"30503.json","geometry":{"file":"30503.json","extras":{"knobs":[],"pins":[],"tubes":[],"logos":[{"transform":{"position":[-12,5,-12],"quaternion":[0,1,0,0]},"type":1},{"transform":{"position":[-4,5,-12],"quaternion":[0,1,0,0]},"type":1},{"transform":{"position":[4,5,-12],"quaternion":[0,1,0,0]},"type":1},{"transform":{"position":[12,5,-12],"quaternion":[0,1,0,0]},"type":1},{"transform":{"position":[-12,5,-4],"quaternion":[0,1,0,0]},"type":1},{"transform":{"position":[-4,5,-4],"quaternion":[0,1,0,0]},"type":1},{"transform":{"position":[4,5,-4],"quaternion":[0,1,0,0]},"type":1},{"transform":{"position":[-12,5,4],"quaternion":[0,1,0,0]},"type":1},{"transform":{"position":[-4,5,4],"quaternion":[0,1,0,0]},"type":1},{"transform":{"position":[-12,5,12],"quaternion":[0,1,0,0]},"type":1}]}},"points":[{"transform":{"position":[0,0,0],"quaternion":[0,0,0,1]}},{"transform":{"position":[0,3.2,0],"quaternion":[0,0,0,1]}}]}