{"type":"part","name":"30526.json","geometry":{"file":"30526.json","extras":{"knobs":[],"pins":[],"tubes":[],"logos":[{"transform":{"position":[-4,11.4,0],"quaternion":[0,-0.707,0,0.707]},"type":1},{"transform":{"position":[4,11.4,0],"quaternion":[0,-0.707,0,0.707]},"type":1}]}},"points":[{"transform":{"position":[0,0,0],"quaternion":[0,0,0,1]}},{"transform":{"position":[0,9.6,0],"quaternion":[0,0,0,1]}},{"transform":{"position":[-4,5.8,4],"quaternion":[0,0,0,1]}},{"transform":{"position":[4,5.8,4],"quaternion":[0,0,0,1]}}]}