{"type":"part","name":"40490.json","geometry":{"file":"40490.json","extras":{"knobs":[],"pins":[],"tubes":[],"logos":[]}},"points":[{"transform":{"position":[0,0,0],"quaternion":[0,0,0,1]}},{"transform":{"position":[-8,0,0],"quaternion":[0,0,0,1]}},{"transform":{"position":[8,0,0],"quaternion":[0,0,0,1]}},{"transform":{"position":[-16,0,0],"quaternion":[0,0,0,1]}},{"transform":{"position":[16,0,0],"quaternion":[0,0,0,1]}},{"transform":{"position":[-24,0,0],"quaternion":[0,0,0,1]}},{"transform":{"position":[24,0,0],"quaternion":[0,0,0,1]}},{"transform":{"position":[-32,0,0],"quaternion":[0,0,0,1]}},{"transform":{"position":[32,0,0],"quaternion":[0,0,0,1]}}]}