{"type":"part","name":"4733.json","geometry":{"file":"4733.json","extras":{"knobs":[],"pins":[],"tubes":[],"logos":[]}},"points":[{"transform":{"position":[0,0,0],"quaternion":[0,0,0,1]}},{"transform":{"position":[0,5.6,4],"quaternion":[0.707,0,0,0.707]}},{"transform":{"position":[0,5.6,-4],"quaternion":[-0.707,0,0,0.707]}},{"transform":{"position":[4,5.6,0],"quaternion":[0,0,-0.707,0.707]}},{"transform":{"position":[-4,5.6,0],"quaternion":[0,0,0.707,0.707]}},{"transform":{"position":[0,9.6,0],"quaternion":[0,0,0,1]}}]}