{"type":"part","name":"6087.json","geometry":{"file":"6087.json","extras":{"knobs":[],"pins":[],"tubes":[],"logos":[{"transform":{"position":[-4,5,-16],"quaternion":[0,1,0,0]},"type":1},{"transform":{"position":[-4,5,-8],"quaternion":[0,1,0,0]},"type":1},{"transform":{"position":[4,5,-16],"quaternion":[0,1,0,0]},"type":1},{"transform":{"position":[4,5,-8],"quaternion":[0,1,0,0]},"type":1},{"transform":{"position":[-4,24.2,8],"quaternion":[0,1,0,0]},"type":1},{"transform":{"position":[-4,24.2,16],"quaternion":[0,1,0,0]},"type":1},{"transform":{"position":[4,24.2,8],"quaternion":[0,1,0,0]},"type":1},{"transform":{"position":[4,24.2,16],"quaternion":[0,1,0,0]},"type":1},{"transform":{"position":[-4,24.2,0],"quaternion":[0,1,0,0]},"type":1},{"transform":{"position":[4,24.2,0],"quaternion":[0,1,0,0]},"type":1}]}},"points":[{"transform":{"position":[0,0,0],"quaternion":[0,0,0,1]}},{"transform":{"position":[0,3.2,-12],"quaternion":[0,0,0,1]}},{"transform":{"position":[0,19.2,12],"quaternion":[0,0,0,1]}},{"transform":{"position":[0,22.4,8],"quaternion":[0,0,0,1]}}]}