{"type":"part","name":"85941.json","geometry":{"file":"85941.json","extras":{"knobs":[],"pins":[],"tubes":[],"logos":[{"transform":{"position":[-4,48,-12],"quaternion":[0,0,0,1]},"type":2},{"transform":{"position":[4,48,-12],"quaternion":[0,0,0,1]},"type":2},{"transform":{"position":[-12,48,-4],"quaternion":[0,0,0,1]},"type":2},{"transform":{"position":[12,48,-4],"quaternion":[0,0,0,1]},"type":2}]}},"points":[{"transform":{"position":[0,0,0],"quaternion":[0,0,0,1]}},{"transform":{"position":[0,48,0],"quaternion":[0,0,0,1]}}]}