{"type":"part","name":"85970.json","geometry":{"file":"85970.json","extras":{"knobs":[],"pins":[],"tubes":[],"logos":[{"transform":{"position":[0,8.2,-4],"quaternion":[0,1,0,0]},"type":1},{"transform":{"position":[0,8.2,4],"quaternion":[0,1,0,0]},"type":1}]}},"points":[{"transform":{"position":[0,0,0],"quaternion":[0,0,0,1]}},{"transform":{"position":[0,3.2,8],"quaternion":[0,0,0,1]}},{"transform":{"position":[0,6.4,0],"quaternion":[0,0,0,1]}},{"transform":{"position":[0,0,48],"quaternion":[0,0,0,1]}}]}